model,score_val,eval_metric,pred_time_val,fit_time,pred_time_val_marginal,fit_time_marginal,stack_level,can_infer,fit_order
WeightedEnsemble_L2,0.9292265000000001,roc_auc,2.235353469848633,5758.482622623444,0.0007092952728271484,0.2838129997253418,2,True,109
ExtraTrees_r197_BAG_L1,0.9178102499999999,roc_auc,0.22260713577270508,0.9396994113922119,0.22260713577270508,0.9396994113922119,1,True,89
ExtraTrees_r42_BAG_L1,0.917723625,roc_auc,0.21998977661132812,0.8208765983581543,0.21998977661132812,0.8208765983581543,1,True,20
ExtraTreesEntr_BAG_L1,0.9173845,roc_auc,0.2523226737976074,1.059039831161499,0.2523226737976074,1.059039831161499,1,True,7
RandomForestEntr_BAG_L1,0.91612625,roc_auc,0.22551512718200684,0.9266946315765381,0.22551512718200684,0.9266946315765381,1,True,4
RandomForestGini_BAG_L1,0.915111375,roc_auc,0.2146899700164795,0.8052103519439697,0.2146899700164795,0.8052103519439697,1,True,3
ExtraTrees_r49_BAG_L1,0.9141086249999999,roc_auc,0.2245175838470459,1.112910270690918,0.2245175838470459,1.112910270690918,1,True,54
ExtraTreesGini_BAG_L1,0.9141086249999999,roc_auc,0.23511695861816406,0.9551670551300049,0.23511695861816406,0.9551670551300049,1,True,6
RandomForest_r166_BAG_L1,0.9131111249999999,roc_auc,0.21797776222229004,1.2581841945648193,0.21797776222229004,1.2581841945648193,1,True,74
RandomForest_r16_BAG_L1,0.9128993750000001,roc_auc,0.21684813499450684,5.668622255325317,0.21684813499450684,5.668622255325317,1,True,92
ExtraTrees_r126_BAG_L1,0.912031,roc_auc,0.2305605411529541,1.1303021907806396,0.2305605411529541,1.1303021907806396,1,True,97
ExtraTrees_r172_BAG_L1,0.911745875,roc_auc,0.21512508392333984,0.6801548004150391,0.21512508392333984,0.6801548004150391,1,True,34
RandomForest_r15_BAG_L1,0.9117325000000001,roc_auc,0.21575570106506348,3.881767511367798,0.21575570106506348,3.881767511367798,1,True,79
RandomForest_r39_BAG_L1,0.9105844999999999,roc_auc,0.2109668254852295,4.054170370101929,0.2109668254852295,4.054170370101929,1,True,43
RandomForest_r195_BAG_L1,0.909998375,roc_auc,0.23242783546447754,4.149508953094482,0.23242783546447754,4.149508953094482,1,True,24
RandomForest_r127_BAG_L1,0.909969,roc_auc,0.21512317657470703,4.712979793548584,0.21512317657470703,4.712979793548584,1,True,56
ExtraTrees_r178_BAG_L1,0.908311125,roc_auc,0.21551918983459473,1.0279209613800049,0.21551918983459473,1.0279209613800049,1,True,73
CatBoost_r86_BAG_L1,0.9049229999999999,roc_auc,0.036408424377441406,69.74299836158752,0.036408424377441406,69.74299836158752,1,True,50
LightGBM_r42_BAG_L1,0.9043827500000001,roc_auc,2.617452621459961,31.702078104019165,2.617452621459961,31.702078104019165,1,True,106
LightGBM_r196_BAG_L1,0.90419275,roc_auc,2.742908239364624,161.52938628196716,2.742908239364624,161.52938628196716,1,True,42
CatBoost_r128_BAG_L1,0.9039809999999999,roc_auc,0.09419870376586914,101.70719981193542,0.09419870376586914,101.70719981193542,1,True,61
LightGBM_r188_BAG_L1,0.90363525,roc_auc,2.332491397857666,40.02103042602539,2.332491397857666,40.02103042602539,1,True,25
NeuralNetTorch_r143_BAG_L1,0.9034094999999999,roc_auc,0.2928476333618164,2593.290910959244,0.2928476333618164,2593.290910959244,1,True,60
CatBoost_r9_BAG_L1,0.90335425,roc_auc,0.1066741943359375,116.02190828323364,0.1066741943359375,116.02190828323364,1,True,16
CatBoost_r12_BAG_L1,0.9030434999999999,roc_auc,0.034955501556396484,74.25867223739624,0.034955501556396484,74.25867223739624,1,True,94
LightGBM_r30_BAG_L1,0.90299525,roc_auc,1.5283818244934082,95.21539044380188,1.5283818244934082,95.21539044380188,1,True,67
NeuralNetTorch_r185_BAG_L1,0.9028442499999999,roc_auc,0.2909677028656006,1400.520762205124,0.2909677028656006,1400.520762205124,1,True,76
CatBoost_r13_BAG_L1,0.9028169999999999,roc_auc,0.04768943786621094,177.98471474647522,0.04768943786621094,177.98471474647522,1,True,23
CatBoost_r180_BAG_L1,0.901858625,roc_auc,0.08971166610717773,66.96599626541138,0.08971166610717773,66.96599626541138,1,True,87
CatBoost_r167_BAG_L1,0.9012335,roc_auc,0.033667802810668945,32.77848696708679,0.033667802810668945,32.77848696708679,1,True,44
CatBoost_r198_BAG_L1,0.9011359999999999,roc_auc,0.03341174125671387,53.64223909378052,0.03341174125671387,53.64223909378052,1,True,101
NeuralNetTorch_r1_BAG_L1,0.900941875,roc_auc,0.2617971897125244,1573.7948944568634,0.2617971897125244,1573.7948944568634,1,True,107
CatBoost_r177_BAG_L1,0.900884,roc_auc,0.03598475456237793,30.73582172393799,0.03598475456237793,30.73582172393799,1,True,12
XGBoost_r98_BAG_L1,0.9008797500000001,roc_auc,0.1978762149810791,86.4665093421936,0.1978762149810791,86.4665093421936,1,True,47
NeuralNetTorch_BAG_L1,0.900738375,roc_auc,0.2500789165496826,1199.1493742465973,0.2500789165496826,1199.1493742465973,1,True,10
XGBoost_r194_BAG_L1,0.90061375,roc_auc,0.12329983711242676,14.59052300453186,0.12329983711242676,14.59052300453186,1,True,33
XGBoost_r33_BAG_L1,0.9004932499999998,roc_auc,0.06263160705566406,36.44736099243164,0.06263160705566406,36.44736099243164,1,True,19
XGBoost_r49_BAG_L1,0.90030375,roc_auc,0.04684138298034668,20.555750370025635,0.04684138298034668,20.555750370025635,1,True,68
CatBoost_r143_BAG_L1,0.90014875,roc_auc,0.033835411071777344,32.9665732383728,0.033835411071777344,32.9665732383728,1,True,72
LightGBM_r161_BAG_L1,0.9000687500000001,roc_auc,1.8125662803649902,77.7598671913147,1.8125662803649902,77.7598671913147,1,True,38
LightGBMXT_BAG_L1,0.9000332499999999,roc_auc,2.071352243423462,21.20263123512268,2.071352243423462,21.20263123512268,1,True,1
XGBoost_BAG_L1,0.8999474999999999,roc_auc,0.034332990646362305,12.32748818397522,0.034332990646362305,12.32748818397522,1,True,9
LightGBM_r131_BAG_L1,0.89983875,roc_auc,2.3446950912475586,39.75791573524475,2.3446950912475586,39.75791573524475,1,True,14
LightGBM_r94_BAG_L1,0.8998349999999999,roc_auc,2.87154221534729,33.451653718948364,2.87154221534729,33.451653718948364,1,True,59
NeuralNetTorch_r79_BAG_L1,0.8996772499999999,roc_auc,0.2854444980621338,1361.3800494670868,0.2854444980621338,1361.3800494670868,1,True,13
NeuralNetTorch_r135_BAG_L1,0.89960025,roc_auc,0.27568864822387695,1095.9885940551758,0.27568864822387695,1095.9885940551758,1,True,95
CatBoost_r70_BAG_L1,0.899574,roc_auc,0.10173416137695312,54.215784549713135,0.10173416137695312,54.215784549713135,1,True,40
LightGBM_r121_BAG_L1,0.8993607499999999,roc_auc,2.5357367992401123,59.357826948165894,2.5357367992401123,59.357826948165894,1,True,85
CatBoost_r69_BAG_L1,0.89922425,roc_auc,0.033740997314453125,42.896663665771484,0.033740997314453125,42.896663665771484,1,True,35
LightGBM_r96_BAG_L1,0.89921725,roc_auc,2.7191803455352783,93.47333931922913,2.7191803455352783,93.47333931922913,1,True,17
NeuralNetTorch_r89_BAG_L1,0.8989058749999999,roc_auc,0.25116682052612305,1708.9697811603546,0.25116682052612305,1708.9697811603546,1,True,108
LightGBM_r143_BAG_L1,0.89864225,roc_auc,2.4390783309936523,53.28932213783264,2.4390783309936523,53.28932213783264,1,True,55
CatBoost_BAG_L1,0.8985454999999999,roc_auc,0.03607463836669922,45.24777841567993,0.03607463836669922,45.24777841567993,1,True,5
XGBoost_r34_BAG_L1,0.8985412500000001,roc_auc,0.05127358436584473,25.502354621887207,0.05127358436584473,25.502354621887207,1,True,105
LightGBMLarge_BAG_L1,0.89851375,roc_auc,2.454552173614502,32.850539684295654,2.454552173614502,32.850539684295654,1,True,11
LightGBM_r15_BAG_L1,0.89850975,roc_auc,2.757676362991333,32.03779101371765,2.757676362991333,32.03779101371765,1,True,48
CatBoost_r60_BAG_L1,0.8984067500000001,roc_auc,0.03429746627807617,49.947511434555054,0.03429746627807617,49.947511434555054,1,True,78
LightGBM_r135_BAG_L1,0.8978982499999999,roc_auc,1.9904897212982178,25.824147701263428,1.9904897212982178,25.824147701263428,1,True,80
LightGBM_r130_BAG_L1,0.8976967499999999,roc_auc,2.5180506706237793,20.508379697799683,2.5180506706237793,20.508379697799683,1,True,29
CatBoost_r137_BAG_L1,0.8971549999999999,roc_auc,0.03540945053100586,87.35428953170776,0.03540945053100586,87.35428953170776,1,True,21
CatBoost_r163_BAG_L1,0.896857,roc_auc,0.03152179718017578,26.62496018409729,0.03152179718017578,26.62496018409729,1,True,100
CatBoost_r50_BAG_L1,0.89643575,roc_auc,0.09450030326843262,30.23712992668152,0.09450030326843262,30.23712992668152,1,True,31
XGBoost_r95_BAG_L1,0.8963814999999999,roc_auc,0.037355661392211914,14.931329011917114,0.037355661392211914,14.931329011917114,1,True,104
LightGBM_BAG_L1,0.89618175,roc_auc,2.335876941680908,16.30464792251587,2.335876941680908,16.30464792251587,1,True,2
XGBoost_r22_BAG_L1,0.89588725,roc_auc,0.036238908767700195,13.034414052963257,0.036238908767700195,13.034414052963257,1,True,81
XGBoost_r31_BAG_L1,0.8949354999999999,roc_auc,0.20893120765686035,108.6590404510498,0.20893120765686035,108.6590404510498,1,True,75
NeuralNetTorch_r30_BAG_L1,0.8948170000000001,roc_auc,0.2855408191680908,2387.1817195415497,0.2855408191680908,2387.1817195415497,1,True,28
CatBoost_r5_BAG_L1,0.89470225,roc_auc,0.03607916831970215,64.52538275718689,0.03607916831970215,64.52538275718689,1,True,69
CatBoost_r49_BAG_L1,0.89414825,roc_auc,0.03468799591064453,59.46971344947815,0.03468799591064453,59.46971344947815,1,True,53
XGBoost_r89_BAG_L1,0.8938852500000001,roc_auc,0.037236690521240234,12.032397508621216,0.037236690521240234,12.032397508621216,1,True,27
NeuralNetTorch_r22_BAG_L1,0.8937182499999999,roc_auc,0.26427578926086426,726.8802585601807,0.26427578926086426,726.8802585601807,1,True,18
NeuralNetTorch_r86_BAG_L1,0.893434,roc_auc,0.2812328338623047,1171.2888514995575,0.2812328338623047,1171.2888514995575,1,True,30
CatBoost_r6_BAG_L1,0.8927495,roc_auc,0.0849766731262207,25.047967433929443,0.0849766731262207,25.047967433929443,1,True,83
NeuralNetTorch_r31_BAG_L1,0.89182925,roc_auc,0.2596015930175781,632.3396992683411,0.2596015930175781,632.3396992683411,1,True,63
NeuralNetTorch_r14_BAG_L1,0.8745491249999999,roc_auc,0.25943970680236816,638.7065448760986,0.25943970680236816,638.7065448760986,1,True,37
NeuralNetTorch_r41_BAG_L1,0.871799,roc_auc,0.24929118156433105,924.3218183517456,0.24929118156433105,924.3218183517456,1,True,46
NeuralNetTorch_r71_BAG_L1,0.86498225,roc_auc,0.2580451965332031,515.6217198371887,0.2580451965332031,515.6217198371887,1,True,71
NeuralNetTorch_r87_BAG_L1,0.859230125,roc_auc,0.2670881748199463,1684.48593044281,0.2670881748199463,1684.48593044281,1,True,70
ExtraTrees_r4_BAG_L1,0.8491447499999999,roc_auc,0.19874238967895508,0.8878748416900635,0.19874238967895508,0.8878748416900635,1,True,64
NeuralNetTorch_r197_BAG_L1,0.84859425,roc_auc,0.25699520111083984,643.4151005744934,0.25699520111083984,643.4151005744934,1,True,52
NeuralNetFastAI_r191_BAG_L1,0.839208,roc_auc,0.08745455741882324,59.024468660354614,0.08745455741882324,59.024468660354614,1,True,15
RandomForest_r34_BAG_L1,0.83839325,roc_auc,0.20349931716918945,2.3389718532562256,0.20349931716918945,2.3389718532562256,1,True,58
NeuralNetFastAI_r138_BAG_L1,0.83737125,roc_auc,0.1156926155090332,98.12037801742554,0.1156926155090332,98.12037801742554,1,True,84
NeuralNetTorch_r19_BAG_L1,0.8338142500000001,roc_auc,0.24607300758361816,347.9712498188019,0.24607300758361816,347.9712498188019,1,True,103
NeuralNetFastAI_BAG_L1,0.8280635000000001,roc_auc,0.08501148223876953,32.35534930229187,0.08501148223876953,32.35534930229187,1,True,8
NeuralNetFastAI_r145_BAG_L1,0.8271846249999999,roc_auc,0.12967753410339355,68.30558347702026,0.12967753410339355,68.30558347702026,1,True,26
NeuralNetTorch_r36_BAG_L1,0.823701,roc_auc,0.24705791473388672,1129.653883934021,0.24705791473388672,1129.653883934021,1,True,98
NeuralNetFastAI_r95_BAG_L1,0.8232975,roc_auc,0.1295309066772461,72.24050784111023,0.1295309066772461,72.24050784111023,1,True,45
NeuralNetFastAI_r134_BAG_L1,0.817085,roc_auc,0.07141637802124023,17.221853017807007,0.07141637802124023,17.221853017807007,1,True,57
NeuralNetTorch_r76_BAG_L1,0.809100125,roc_auc,0.24600625038146973,191.63620328903198,0.24600625038146973,191.63620328903198,1,True,88
NeuralNetFastAI_r103_BAG_L1,0.8082095,roc_auc,0.08637094497680664,54.25672268867493,0.08637094497680664,54.25672268867493,1,True,36
NeuralNetTorch_r121_BAG_L1,0.7975745,roc_auc,0.32676124572753906,2581.3773696422577,0.32676124572753906,2581.3773696422577,1,True,90
NeuralNetFastAI_r194_BAG_L1,0.7876922500000001,roc_auc,0.08493375778198242,25.61251187324524,0.08493375778198242,25.61251187324524,1,True,93
NeuralNetFastAI_r187_BAG_L1,0.7830045,roc_auc,0.05483245849609375,15.969709396362305,0.05483245849609375,15.969709396362305,1,True,102
NeuralNetFastAI_r100_BAG_L1,0.782292875,roc_auc,0.053421735763549805,13.547816038131714,0.053421735763549805,13.547816038131714,1,True,99
NeuralNetFastAI_r37_BAG_L1,0.7805617499999999,roc_auc,0.08315134048461914,32.52467465400696,0.08315134048461914,32.52467465400696,1,True,51
NeuralNetFastAI_r69_BAG_L1,0.77474875,roc_auc,0.11735725402832031,44.875181674957275,0.11735725402832031,44.875181674957275,1,True,82
NeuralNetFastAI_r172_BAG_L1,0.7736747500000001,roc_auc,0.06766033172607422,20.840294361114502,0.06766033172607422,20.840294361114502,1,True,86
NeuralNetFastAI_r156_BAG_L1,0.77034925,roc_auc,0.07124590873718262,10.25272011756897,0.07124590873718262,10.25272011756897,1,True,41
NeuralNetFastAI_r127_BAG_L1,0.7664821249999999,roc_auc,0.05768084526062012,9.248663663864136,0.05768084526062012,9.248663663864136,1,True,91
NeuralNetFastAI_r88_BAG_L1,0.7557693750000001,roc_auc,0.08177781105041504,16.34917902946472,0.08177781105041504,16.34917902946472,1,True,66
NeuralNetFastAI_r102_BAG_L1,0.73579675,roc_auc,0.05505084991455078,7.704358816146851,0.05505084991455078,7.704358816146851,1,True,22
NeuralNetFastAI_r65_BAG_L1,0.7222965,roc_auc,0.07071256637573242,12.721137523651123,0.07071256637573242,12.721137523651123,1,True,65
NeuralNetFastAI_r4_BAG_L1,0.721497,roc_auc,0.07109928131103516,30.81096339225769,0.07109928131103516,30.81096339225769,1,True,96
NeuralNetFastAI_r160_BAG_L1,0.7045991249999999,roc_auc,0.12237930297851562,43.367042541503906,0.12237930297851562,43.367042541503906,1,True,77
NeuralNetTorch_r158_BAG_L1,0.701281,roc_auc,0.31323933601379395,619.1332828998566,0.31323933601379395,619.1332828998566,1,True,49
NeuralNetFastAI_r11_BAG_L1,0.6613108750000001,roc_auc,0.11774969100952148,70.81749510765076,0.11774969100952148,70.81749510765076,1,True,32
NeuralNetFastAI_r143_BAG_L1,0.651821,roc_auc,0.06161022186279297,16.771552801132202,0.06161022186279297,16.771552801132202,1,True,39
NeuralNetFastAI_r111_BAG_L1,0.64999775,roc_auc,0.05121159553527832,6.462210655212402,0.05121159553527832,6.462210655212402,1,True,62
